transform,size,rank_positive,rank_negative,total_rank,fractional_bits,multiplication_reduction_percent,relative_frobenius_error,relative_spectral_error,orthogonality_deviation,positive_part_error,negative_part_error,max_absolute_matrix_error,nonzero_factor_entries
DCT8,4,1,1,2,8,0.0,0.7286444525200072,1.0191775341941836,1.482191616231637,0.5748375458338114,0.5959800847784646,95.89651489257812,14
DCT8,4,2,2,4,8,-100.0,0.37153348487615184,0.5184412341914082,1.0544595090087416,0.38517903930287417,0.25769760253265467,41.28724670410156,22
DCT8,8,1,1,2,8,50.0,0.8709397844679192,1.005922654213994,2.4704685582160457,0.6467336505546234,0.6961812631503701,98.04791259765625,30
DCT8,8,2,2,4,8,0.0,0.7359141733792389,1.0078226984560217,2.1867224024952527,0.5580034548556951,0.5985845385858208,101.26498413085938,54
DCT8,8,3,3,6,8,-50.0,0.5904238974518786,1.0016052235038073,1.9516588660299132,0.478900999700697,0.5081243419951129,92.01016235351562,69
DCT8,8,4,4,8,8,-100.0,0.43456952626246986,0.8020691086849665,1.7038776516978238,0.40020863820388014,0.4224270597087652,63.00462341308594,82
DCT8,16,1,1,2,8,75.0,0.9369345393266341,1.000197894126262,3.7496719834684415,0.7194114787237618,0.7343881250650348,119.78506469726562,62
DCT8,16,2,2,4,8,50.0,0.8756180686817404,1.0041090862257545,3.5490046150187493,0.6765150754266109,0.6865759868305662,113.52813720703125,115
DCT8,16,3,3,6,8,25.0,0.8146250616674536,1.0087639203989116,3.369826361385028,0.6329440789843355,0.640708862434097,118.95510864257812,145
DCT8,16,4,4,8,8,0.0,0.7487685651594563,1.0062194338463077,3.1882657629820077,0.5923295415806807,0.59639340183971,123.05220031738281,178
DCT8,16,6,6,12,8,-50.0,0.6272711738481541,1.0255873600338856,2.8672761208929947,0.5096581997823589,0.5053920118701379,115.27906799316406,218
DCT8,16,8,8,16,8,-100.0,0.5134827668802994,1.012982511369512,2.5426092171538563,0.4304059230387468,0.4292514421721161,89.75479125976562,258
DCT8,32,2,2,4,8,75.0,0.9388709968509897,1.004747526658748,5.337487706397407,0.7178450784333488,0.7333855543493766,123.95477294921875,245
DCT8,32,4,4,8,8,50.0,0.8788917806241422,1.0061206137002598,5.076159544860621,0.6747427038279518,0.6894137829205752,125.87765502929688,390
DCT8,32,6,6,12,8,25.0,0.8190990209449311,1.0108152026082207,4.834999602842431,0.6331356796204867,0.6480799200242285,130.5047607421875,520
DCT8,32,8,8,16,8,0.0,0.7618029053737703,1.0200862649734954,4.6208511073190595,0.5940568412393896,0.6080397940816671,121.00857543945312,587
DCT8,32,12,12,24,8,-50.0,0.6437022577676668,1.0233780212211592,4.186680017574311,0.516587506729087,0.528103425977856,115.91722106933594,752
DCT8,32,16,16,32,8,-100.0,0.5325234122043497,0.9786360893024993,3.816170706687942,0.44329336809218994,0.4545761776443446,95.61825561523438,846
DST7,4,1,1,2,8,0.0,0.7613219741974,1.0079977711866777,1.6028076547301737,0.5887056374673879,0.6896003795172561,92.55267333984375,14
DST7,4,2,2,4,8,-100.0,0.49484567239019417,0.8438161939957917,1.2087255708270241,0.42834191462002547,0.45774537657713166,69.61135864257812,22
DST7,8,1,1,2,8,50.0,0.885001893942892,1.0048388667211146,2.5472888922939423,0.6577989930836784,0.731650253460237,101.14808654785156,30
DST7,8,2,2,4,8,0.0,0.7519714336380724,1.0054144007890473,2.25790138720663,0.5782939699575494,0.6167384194487385,93.58453369140625,51
DST7,8,3,3,6,8,-50.0,0.6117495474152145,1.0036580710180523,2.012614252044615,0.5013890186490148,0.5008768727373197,90.89358520507812,66
DST7,8,4,4,8,8,-100.0,0.4590858820278482,0.8402810478347235,1.7329384034489292,0.41347256724637005,0.40136201793650506,73.07676696777344,80
DST7,16,1,1,2,8,75.0,0.9424500588830141,0.9996495709053841,3.794018386862279,0.7066539542022234,0.7658623002372911,105.08468627929688,62
DST7,16,2,2,4,8,50.0,0.8819978938723516,1.0071311256352085,3.5947552106114244,0.6648470092887566,0.7167188499572571,106.29421997070312,112
DST7,16,3,3,6,8,25.0,0.8186772246254086,1.0141819715203417,3.3950784894231125,0.6235105949131854,0.6640781625012716,108.23159790039062,157
DST7,16,4,4,8,8,0.0,0.7518722754559162,1.0172823087865903,3.2048187412317612,0.5842871932206745,0.6115341779467178,104.29815673828125,186
DST7,16,6,6,12,8,-50.0,0.6197004176137113,1.0191203049930446,2.8538318888942174,0.5023631334944318,0.5150397532525516,100.02522277832031,220
DST7,16,8,8,16,8,-100.0,0.4965974660841136,0.9252690630275479,2.5741945326153575,0.4248223381285405,0.4272914357897462,87.68017578125,264
DST7,32,2,2,4,8,75.0,0.9411210303461611,1.0072256711751806,5.358748286414845,0.7128313617737565,0.7437179930301235,138.05911254882812,243
DST7,32,4,4,8,8,50.0,0.8824037565132705,1.0133024705192508,5.098307566028982,0.6714251233848565,0.6982341770741085,121.89730834960938,394
DST7,32,6,6,12,8,25.0,0.8238655419231065,1.0166011163767208,4.862189370579726,0.6326191795015282,0.655455013877944,115.65437316894531,510
DST7,32,8,8,16,8,0.0,0.7625309920144309,1.014232122209489,4.632942828108075,0.5931783218481494,0.6128114099509889,114.10551452636719,603
DST7,32,12,12,24,8,-50.0,0.6481187011613734,1.0214953539587184,4.21122839118148,0.517148728173369,0.5316343146295528,110.28266906738281,755
DST7,32,16,16,32,8,-100.0,0.5440296382331096,1.0125804220794692,3.7919434373028946,0.4446378462085161,0.45458543415980246,94.68637084960938,872
